Servizio,Categoria,Descrizione,Risultati_KPI,Agevolazione,URL,Stato,Data
Agenti AI Email & CRM,Email & CRM,"Il commerciale passa metà giornata a smistare richieste, qualificare lead e aggiornare il CRM a mano. L'agente legge la casella, classifica le email (preventivo, supporto, spam, follow-up), prepara bozze di risposta sui casi standard e aggiorna stage e note nel CRM (HubSpot, Pipedrive, Airtable). Al team restano solo i casi che richiedono giudizio o trattativa. Pensato per PMI con team 2-15 persone e volume email in ingresso medio-alto. Checkpoint umano sempre prima dell'invio nelle prime settimane.","Email gestite senza intervento umano: ~70% | Risposta a richiesta preventivo: entro 2 min",Credito d'imposta Transizione 4.0,https://www.k2-ai.it/suite-ai/agenti-email-crm.html,da usare,
Automazioni Amministrative,Amministrazione & Contabilità,"Inserimento fatture, quadrature di banca e prime note assorbono ore di lavoro ripetitivo. Una pipeline AI legge fatture PDF, estratti conto e fogli Excel, estrae i dati e li scarica in prima nota; quadra i movimenti bancari con la contabilità, indicizza i documenti fiscali e prepara il report mensile costi/ricavi pescando da più fonti. Adatto a studi commercialisti, uffici amministrativi interni e PMI con contabilità non delegata. La persona resta in controllo sulle eccezioni e sulle scritture di rettifica.","Tempo recuperato su inserimento dati: 5+ ore/sett",Credito d'imposta Transizione 4.0,https://www.k2-ai.it/suite-ai/automazioni-amministrative.html,da usare,
AI Legale & Contratti,Contratti & Legale,"Revisionare un NDA o un contratto fornitore standard richiede 60-90 minuti di lettura attenta su clausole prevedibili. L'agente legge il contratto, lo confronta con il template aziendale, segnala clausole non standard (limitazione responsabilità, foro, durata, esclusive) e produce una sintesi executive di 1 pagina anche su documenti >50 pagine. Su accordi che trattano dati genera la checklist GDPR. Pensato per studi legali, uffici legali interni di PMI, studi notarili e HR con contrattualistica frequente. La firma resta dell'avvocato.","Tempo revisione NDA: 4 min invece di 90",,https://www.k2-ai.it/suite-ai/ai-legale-contratti.html,da usare,
AI Ingegneria & Progettazione,Ingegneria & Progettazione,"Studi di ingegneria strutturale e civile gestiscono in parallelo capitolati, PSC, relazioni tecniche e SAL: ogni documento richiede coerenza normativa e incrocio con i precedenti. La suite genera e verifica capitolati speciali d'appalto, prepara la lista di mancanze e azioni correttive per il coordinamento PSC, controlla le relazioni rispetto a NTC 2018 ed Eurocodici, sintetizza lo Stato Avanzamento Lavori a partire dai documenti di cantiere. Pensata per studi strutturali, imprese edili e coordinatori della sicurezza che vogliono ridurre il tempo speso in attività di assemblaggio documentale.",,Credito d'imposta Transizione 5.0,https://www.k2-ai.it/suite-ai/ai-ingegneria-progettazione.html,da usare,
Microapp Documenti Tecnici,Documenti tecnici,"Manuali, runbook, schede prodotto e SOP nascono come Word, Excel e PDF sparsi: aggiornarli e riformattarli è una giornata di copia-incolla per chiunque. Una microapp dedicata legge le fonti e produce output strutturati: checklist operative dai documenti SOP, runbook a partire da log di configurazione di sistemi, schede prodotto multilingua dai datasheet tecnici, aggiornamento automatico dei manuali quando cambia la versione del prodotto. Pensata per uffici tecnici, product manager, IT manager e team qualità che gestiscono molta documentazione operativa.",,Credito d'imposta Transizione 4.0,https://www.k2-ai.it/suite-ai/microapp-documenti-tecnici.html,da usare,
AI Customer Service & Ticket,Customer service,"Il team supporto perde tempo a classificare i ticket, ricercare la risposta in vecchie conversazioni e scriverla da zero ogni volta. L'agente assegna a ogni ticket urgenza, prodotto e tipologia di problema, prepara una bozza di risposta personalizzata che cita gli articoli della knowledge base pertinenti, genera un nuovo articolo KB da ogni ticket risolto e fa scalare in automatico le conversazioni con sentiment negativo alto. Pensato per SaaS, e-commerce, aziende B2B con supporto interno e team helpdesk. L'operatore conferma prima dell'invio.","Tempo medio gestione ticket: -40-60%",Credito d'imposta Transizione 4.0,https://www.k2-ai.it/suite-ai/ai-customer-service-ticket.html,da usare,
RAG Knowledge Base,Knowledge base & Ricerca,"La risposta esiste già da qualche parte tra Notion, Confluence, Drive e PDF condivisi, ma trovarla richiede 20 minuti e tre persone. Un sistema RAG indicizza la knowledge base interna e risponde alle domande in linguaggio naturale citando documento, pagina e passaggio. Q&A su policy aziendali con fonte certa, ricerca tecnica multi-documento sui manuali prodotto, digest settimanale automatico delle note meeting, onboarding accelerato sulle 50 domande più frequenti dei nuovi assunti. Pensato per PMI con documentazione distribuita e team remoti o in crescita rapida.","Tempo a risposta su domanda interna: <3 sec con fonte citata",Credito d'imposta Transizione 4.0,https://www.k2-ai.it/suite-ai/rag-knowledge-base.html,da usare,
AI Compliance & Audit,Compliance & Audit,"Verificare conformità su DVR, processi finanziari e spese agevolate è oggi un lavoro manuale fatto su fogli Excel e PDF. L'agente confronta i documenti con le checklist normative di riferimento (D.Lgs. 81/08, SOX, Transizione 5.0, regola de minimis), segnala i gap in tempo reale, calcola il cumulo degli aiuti ricevuti negli ultimi tre esercizi e produce il fascicolo a supporto della richiesta. Pensato per responsabili compliance, RSPP, CFO e studi di consulenza normativa che gestiscono più dossier in parallelo. L'audit trail resta tracciato.",,Credito d'imposta Transizione 5.0,https://www.k2-ai.it/suite-ai/ai-compliance-audit.html,da usare,
AI Controllo di Gestione & Reporting,Controllo di gestione,"Il controller perde i primi 10 giorni del mese a ricostruire un cruscotto che a fine mese è già vecchio. Il sistema legge gli export dell'ERP e i fogli Excel, aggiorna automaticamente il cruscotto direzionale, fa variance analysis (actual vs budget) con commento testuale generato, produce forecast rolling a 90 giorni con scenario base e di stress e fa scattare alert quando il margine scende sotto soglia per una linea prodotto. Pensato per CFO, controller, direzione di PMI strutturate e studi commercialisti con clienti medi.","Forecast rolling: orizzonte 90 giorni | Aggiornamento cruscotto: automatico mensile",Credito d'imposta Transizione 4.0,https://www.k2-ai.it/suite-ai/ai-controllo-gestione-reporting.html,da usare,
Integrazione Gestionali & ERP,ERP & Integrazioni,"Tra gestionale, e-commerce, CRM e fogli Excel viaggia ogni giorno una quantità di dati che il team riconcilia a mano. I connettori AI sincronizzano gli ordini WooCommerce con il gestionale via webhook, generano query SQL su database aziendale partendo da domande in italiano, stimano l'impatto di una change request prima di toccarla, riconciliano i dati tra due gestionali dopo una migrazione. Pensato per IT manager di PMI, sviluppatori interni, consulenti ERP e responsabili del digitale che lavorano con sistemi eterogenei.",,Credito d'imposta Transizione 4.0,https://www.k2-ai.it/suite-ai/integrazione-gestionali-erp.html,da usare,
AI Marketing & Contenuti,Marketing & Contenuti,"Tra piano editoriale, copy per campagne, articoli SEO e analisi competitor passa la maggior parte del tempo del marketing in una PMI. Il sistema lavora con la brand voice impostata e produce piani editoriali a 3 mesi da keyword cluster e gap competitor, copy per Google Ads e Meta con varianti A/B pronte, articoli SEO long-form da 1500 parole con struttura ottimizzata, brief per agenzie creative ricostruiti dagli obiettivi di business. Pensato per marketing manager, founder PMI, agenzie digitali e team e-commerce. Il pubblicato resta sempre rivisto da una persona.","Tempo a contenuto pubblicato: dimezzato",,https://www.k2-ai.it/suite-ai/ai-marketing-contenuti.html,da usare,
Diagnosi Strategica PMI,Strategia,"Un'analisi strategica fatta da consulente richiede 4-6 settimane e costa come tre stipendi. La diagnosi AI lavora sui tre dati che contano: bilancio degli ultimi esercizi, posizionamento competitivo e mercato di riferimento. Produce una diagnosi operativa con segnali critici, un benchmark vs competitor principali, un piano di crescita con 3 leve prioritarie e impatto stimato e un one-pager executive da presentare a banche o finanziatori. Pensata per imprenditori PMI, CFO, advisor M&A e studi di consulenza strategica che vogliono partire da una baseline solida invece che da un foglio bianco.","Piano d'azione: orizzonte 90 giorni",,https://www.k2-ai.it/suite-ai/diagnosi-strategica-pmi.html,da usare,
Agevolazioni & Finanza Agevolata,Agevolazioni & Finanza agevolata,"Capire quali agevolazioni sono effettivamente applicabili a un investimento — e preparare la documentazione tecnica giusta — è un mestiere a sé. Il sistema fa screening delle agevolazioni attive sul piano di investimento (Transizione 5.0, Sabatini, SIMEST, credito R&S), verifica l'ammissibilità delle spese con checklist puntuale, prepara la bozza di relazione tecnica per la domanda di credito R&S e calcola il cumulo aiuti de minimis sugli ultimi tre esercizi. Pensato per CFO, imprenditori PMI in fase di investimento e consulenti di finanza agevolata.",,Credito d'imposta Transizione 5.0,https://www.k2-ai.it/suite-ai/agevolazioni-finanza-agevolata.html,da usare,
AI Edilizia & Appalti Pubblici,Edilizia & Appalti,"Una gara pubblica e il cantiere che ne segue tengono impegnati per mesi tecnici, RUP e coordinatori della sicurezza tra documentazione, scadenze e norme che cambiano. Il sistema analizza il bando estraendo requisiti, punteggi e scadenze critiche, precompila le sezioni dell'offerta tecnica, genera il fascicolo PSC a partire da planimetrie e fasi e produce ogni mese il confronto SAL tra avanzamento fisico e cronoprogramma. Pensato per imprese edili, studi di ingegneria, coordinatori sicurezza e RUP di enti pubblici.",,Credito d'imposta Transizione 5.0,https://www.k2-ai.it/suite-ai/ai-edilizia-appalti-pubblici.html,da usare,
AI HR & Recruiting,HR & Recruiting,"Una posizione aperta vede passare 100-300 CV e ognuno richiede una lettura veloce ma onesta. La pipeline AI fa screening dei CV con ranking motivato sulla job description, genera il kit colloquio con domande calibrate su ruolo e seniority, costruisce il piano di onboarding 30-60-90 giorni a partire dalla descrizione del ruolo e gestisce il ciclo di performance review con template e calibrazione tra manager. Pensato per HR manager, uffici del personale di PMI e founder in fase di crescita organica. La decisione di assunzione resta sempre della persona.","Screening CV: 200 CV in ~10 min | Time-to-hire: -50%",,https://www.k2-ai.it/suite-ai/ai-hr-recruiting.html,da usare,
AI Real Estate & Tokenizzazione,Real estate,"Operazioni immobiliari complesse — portafogli, tokenizzazione, data room investitori — richiedono settimane di due diligence documentale che oggi si fa a mano. Il sistema analizza il portafoglio immobiliare leggendo atti, visure, certificazioni; struttura un'operazione di tokenizzazione con le implicazioni legali e fiscali del caso italiano; produce analisi di rendimento e stress test sull'asset commerciale; prepara la data room per investitori istituzionali con i documenti nella struttura attesa. Pensato per family office, fondi immobiliari, studi legali specializzati real estate e developer.",,,https://www.k2-ai.it/suite-ai/ai-real-estate-tokenizzazione.html,da usare,
AI Data Analytics & BI,Data Analytics & BI,"Da CSV e query SQL a dashboard interattive c'è un percorso che oggi richiede settimane di analista. Il sistema fa analisi esplorativa sui dati, costruisce modelli predittivi (es. modello di churn su dati CRM storici), genera dashboard di vendite che si aggiornano in automatico dall'export del gestionale, traduce in SQL le domande di business poste in italiano e produce un report settimanale con anomalie evidenziate. Pensato per data analyst, CFO con dati grezzi da leggere, marketing manager e team operations che vogliono passare dai fogli sparsi a un cruscotto unico.",,Credito d'imposta Transizione 4.0,https://www.k2-ai.it/suite-ai/ai-data-analytics-bi.html,da usare,
AI UX & Design System,UX & Design,"Mantenere coerenza tra wireframe, componenti e linee guida è un costo continuo nei team prodotto. Il sistema fa audit di accessibilità WCAG 2.1 su un'interfaccia esistente, ricostruisce un design system coerente partendo da screenshot e brand guidelines, fa review dello UX copy (chiarezza, tono di voce, call to action) e sintetizza la user research raccogliendo i pattern emersi da 50 interviste in un report leggibile. Pensato per designer, product manager, team frontend e startup in fase di scaling che hanno accumulato debito di design.",,Credito d'imposta Transizione 4.0,https://www.k2-ai.it/suite-ai/ai-ux-design-system.html,da usare,
AI Efficienza Energetica,Efficienza energetica,"Capire dove un impianto produttivo sta sprecando energia richiede una diagnosi strutturata e settimane di lavoro tecnico. Il sistema produce diagnosi energetica conforme ISO 50001 a partire dai dati di consumo storici, analizza l'impianto HVAC individuando inefficienze e interventi prioritari, calcola ROI e payback per ogni investimento di efficientamento ipotizzato e verifica l'ammissibilità delle misure al Conto Termico 2.0. Pensato per energy manager, responsabili di produzione, PMI manifatturiero ed ESCO che lavorano su più stabilimenti.",,Conto Termico 2.0 + Credito d'imposta Transizione 5.0,https://www.k2-ai.it/suite-ai/ai-efficienza-energetica.html,da usare,
AI Hospitality & Revenue,Hospitality & Revenue,"Le strutture ricettive indipendenti competono sulle OTA con team piccoli e pricing fatto a intuito. Il sistema fa pricing dinamico giornaliero basato su occupazione, eventi e prezzi competitor, confronta RevPAR con benchmark STR sull'area, ottimizza i listing OTA su testo, foto e politiche di cancellazione e produce un report mensile di performance con raccomandazioni operative concrete. Pensato per hotel indipendenti, B&B, agriturismi, gestori di affitti brevi e PMI hospitality che vogliono fare revenue management senza assumere un revenue manager dedicato.",,,https://www.k2-ai.it/suite-ai/ai-hospitality-revenue.html,da usare,
